url,name,category,price,price_per_kg,amount_kg,last_price_update,is_available,created_at,last_updated
https://agriplus.ir/Product/BKP-35038/%da%a9%d9%88%d8%af-npk-30-10-10-%d8%b2%db%8c%da%af%d9%84%d8%b1/,کود NPK ۳۰ ۱۰ ۱۰ زیگلر,کود NPK,nan,nan,,,False,2025-07-22 15:50:46,2025-07-22 15:50:46
https://agriplus.ir/Product/BKP-27426/%da%a9%d9%88%d8%af-%d8%b3%d9%87-%d8%a8%db%8c%d8%b3%d8%aa-%d9%84%d8%a8%db%8c%d9%86/,کود سه بیست لبین (NPK ۲۰ ۲۰ ۲۰),کود NPK,nan,nan,,,False,2025-07-22 15:50:50,2025-07-22 15:50:50
https://agriplus.ir/Product/BKP-22917/%da%a9%d9%88%d8%af-%d8%aa%d8%ad%d8%b1%db%8c%da%a9-%da%af%d9%84%d8%af%d9%87%db%8c-12-12-36-%d8%a8%d8%b3%d8%aa%d9%87-%d8%a8%d9%86%d8%af%db%8c-%d8%ae%d8%a7%d9%86%da%af%db%8c/,کود NPK تحریک گلدهی ۳۶ ۱۲ ۱۲ بسته بندی خانگی,کود خانگی,nan,nan,,,False,2025-07-22 15:50:52,2025-07-22 16:02:02
https://agriplus.ir/Product/BKP-22916/%da%a9%d9%88%d8%af-npk-%db%b2%db%b0-%db%b2%db%b0-%db%b2%db%b0-%d8%a8%d8%a7-%d8%a8%d8%b3%d8%aa%d9%87-%d8%a8%d9%86%d8%af%db%8c-%d8%ae%d8%a7%d9%86%da%af%db%8c/,کود محرک رشد ۲۰ ۲۰ ۲۰ با بسته بندی خانگی,کود خانگی,"۱۹۸,۰۰۰ ریال",nan,,,,2025-07-22 15:50:55,2025-07-22 16:02:19
https://agriplus.ir/Product/BKP-21436/%da%a9%d9%88%d8%af-30-5-15-n-p-k/,کود NPK ۱۵ ۵ ۳۰ کوالی مکس,کود NPK,nan,nan,,,False,2025-07-22 15:50:58,2025-07-22 15:50:58
https://agriplus.ir/Product/BKP-13303/%da%a9%d9%88%d8%af-%da%a9%d8%a7%d9%85%d9%84-%db%b2%db%b0-%db%b2%db%b0-%db%b2%db%b0-%d8%a8%d8%a7-%d8%a8%d8%b3%d8%aa%d9%87-%d8%a8%d9%86%d8%af%db%8c-%d8%ae%d8%a7%d9%86%da%af%db%8c/,کود NPK ۲۰ ۲۰ ۲۰ با بسته بندی خانگی,کود خانگی,"۲۷۵,۰۰۰ ریال",nan,,,,2025-07-22 15:51:01,2025-07-22 16:02:17
https://agriplus.ir/Product/BKP-29559/%da%a9%d9%88%d8%af-%db%b2%db%b0-%db%b2%db%b0-%db%b2%db%b0-npk-%d8%a8%d8%a7%d9%88%d8%a7%d8%b1%db%8c%d8%a7/,کود ۲۰ ۲۰ ۲۰ NPK باواریا,کود NPK,4630000,4630000.0,1,,True,2025-07-22 15:51:04,2025-07-22 15:51:04
https://agriplus.ir/Product/BKP-29625/%da%a9%d9%88%d8%af-npk-18-18-18-%d8%a8%d8%a7%d9%88%d8%a7%d8%b1%db%8c%d8%a7/,کود NPK 18 18 18 باواریا,کود NPK,4630000,4630000.0,1,,True,2025-07-22 15:51:07,2025-07-22 15:51:07
https://agriplus.ir/Product/BKP-29626/%da%a9%d9%88%d8%af-npk-19-6-20-%d8%a8%d8%a7%d9%88%d8%a7%d8%b1%db%8c%d8%a7/,کود NPK 19 6 20 باواریا,کود NPK,4630000,4630000.0,1,,True,2025-07-22 15:51:10,2025-07-22 15:51:10
https://agriplus.ir/Product/BKP-30626/%da%a9%d9%88%d8%af-%d8%a7%d9%88%d9%84%d9%88%d8%b4%d9%86-%db%b0%db%b3-%db%b4%db%b0-%db%b0%db%b5-%db%b0%db%b3-npk-%d9%81%db%8c%d8%aa%d9%88%d9%86%d8%a7%d8%aa%d9%88%d8%b1%d8%a7/,کود اولوشن ۰۳ ۴۰ ۰۵ ۰۳ NPK فیتوناتورا,کود NPK,5200000,5200000.0,1,,True,2025-07-22 15:51:13,2025-07-22 15:51:13
https://agriplus.ir/Product/BKP-30604/%da%a9%d9%88%d8%af-%d8%a7%d9%88%d8%b1%d9%87-%d9%81%d8%b3%d9%81%d8%a7%d8%aa-%d8%b2%db%8c%da%af%d9%84%d8%b1/,کود اوره فسفات زیگلر,کود ماکرو,2380000,2380000.0,1,,True,2025-07-22 15:51:16,2025-07-22 16:11:04
https://agriplus.ir/Product/BKP-30621/%da%a9%d9%88%d8%af-%db%b0%db%b6-%db%b0%db%b6-%db%b3%db%b0-npk-%d9%85%db%8c%d8%b1%d8%a7%da%a9%d9%84/,کود ۰۶ ۰۶ ۳۰ NPK میراکل,کود NPK,704000,704000.0,1,,True,2025-07-22 15:51:19,2025-07-22 15:51:19
https://agriplus.ir/Product/BKP-34756/%da%a9%d9%88%d8%af-36-12-12-npk-%d8%a8%d8%a7%d9%88%d8%a7%d8%b1%db%8c%d8%a7/,کود 36 12 12 NPK باواریا,کود NPK,4630000,4630000.0,1,,True,2025-07-22 15:51:22,2025-07-22 15:51:22
https://agriplus.ir/Product/BKP-35450/%da%a9%d9%88%d8%af-npk-%db%b1%db%b1-%db%b1%db%b2-%db%b3%db%b8-%d8%a7%db%8c%d9%86%d8%aa%d8%b1%d9%85%da%af/,کود NPK ۱۱ ۱۲ ۳۸ اینترمگ,کود NPK,nan,nan,,,False,2025-07-22 15:51:25,2025-07-22 15:51:25
https://agriplus.ir/Product/BKP-35474/%da%a9%d9%88%d8%af-%db%b3%db%b6-%db%b1%db%b2-%db%b1%db%b2-npk-%d8%b2%db%8c%da%af%d9%84%d8%b1/,کود ۳۶ ۱۲ ۱۲ NPK زیگلر,کود NPK,nan,nan,,,False,2025-07-22 15:51:28,2025-07-22 15:51:28
https://agriplus.ir/Product/BKP-37922/19-6-20-pnp/,کود ۲۰ ۶ ۱۹ پی ان پی,کود NPK,"۵۱,۷۵۰,۰۰۰ ریال",nan,,,,2025-07-22 15:52:01,2025-07-22 15:52:01
https://agriplus.ir/Product/BKP-27472/%da%a9%d9%88%d8%af-%db%b2%db%b0-%db%b2%db%b0-%db%b2%db%b0-%d9%85%db%8c%d8%b1%d8%a7%da%a9%d9%84/,کود ۲۰ ۲۰ ۲۰ میراکل,کود هیدروپونیک (نمکی),nan,nan,,,False,2025-07-22 15:52:04,2025-07-22 16:25:49
https://agriplus.ir/Product/BKP-13304/%da%a9%d9%88%d8%af-%da%af%d9%84%d8%af%d9%87%db%8c-2/,کود گلدهی با بسته بندی خانگی,کود خانگی,"۲۷۵,۰۰۰ ریال",nan,,,,2025-07-22 15:52:08,2025-07-22 16:02:26
https://agriplus.ir/Product/BKP-30625/%da%a9%d9%88%d8%af-%d8%a7%d9%88%d9%84%d9%88%d8%b4%d9%86-%db%b2%db%b0-%db%b2%db%b0-%db%b2%db%b0-%d9%81%db%8c%d8%aa%d9%88%d9%86%d8%a7%d8%aa%d9%88%d8%b1%d8%a7/,کود اولوشن ۲۰ ۲۰ ۲۰ فیتوناتورا,کود NPK,5304000,5304000.0,1,,True,2025-07-22 15:52:11,2025-07-22 15:52:11
https://agriplus.ir/Product/BKP-25216/%da%a9%d9%88%d8%af-10-52-10-%da%a9%db%8c%d8%b3%d9%87-10-%da%a9%db%8c%d9%84%d9%88%da%af%d8%b1%d9%85%db%8c-%da%a9%d9%88%d8%a7%d9%84%db%8c-%d9%85%da%a9%d8%b3/,کود NPK ۱۰ ۵۲ ۱۰ کوالی مکس,کود NPK,32000000,32000000.0,1,,True,2025-07-22 15:52:14,2025-07-22 15:52:14
https://agriplus.ir/Product/BKP-23259/%da%a9%d9%88%d8%af-30-10-10-%d8%b1%d9%88%d8%aa-%da%a9%db%8c%d8%b3%d9%87-10-%da%a9%db%8c%d9%84%d9%88-%da%af%d8%b1%d9%85%db%8c/,کود NPK ۳۰ ۱۰ ۱۰ پیر گرین,کود NPK,nan,nan,,,False,2025-07-22 15:52:17,2025-07-22 15:52:17
https://agriplus.ir/Product/BKP-23213/%da%a9%d9%88%d8%af-npk-%db%b1%db%b0-%db%b1%db%b0-%db%b1%db%b9-%d8%b2%d8%b9%db%8c%d9%85/,کود NPK ۱۰ ۱۰ ۱۹ زعیم,کود NPK,nan,nan,,,False,2025-07-22 15:52:20,2025-07-22 15:52:20
https://agriplus.ir/Product/BKP-21541/%da%a9%d9%88%d8%af-%d9%be%d9%88%d8%af%d8%b1%db%8c-10-52-10/,کود NPK ۱۰ ۵۲ ۱۰ زعیم,کود NPK,nan,nan,,,False,2025-07-22 15:52:23,2025-07-22 15:52:23
https://agriplus.ir/Product/BKP-21540/%da%a9%d9%88%d8%af-%d9%be%d9%88%d8%af%d8%b1%db%8c-n-p-k-15-15-15/,کود NPK ۱۵ ۱۵ ۱۵ زعیم,کود NPK,nan,nan,,,False,2025-07-22 15:52:26,2025-07-22 15:52:26
https://agriplus.ir/Product/BKP-21539/%da%a9%d9%88%d8%af-%d9%be%d9%88%d8%af%d8%b1%db%8c-36-12-12-2/,کود کامل NPK ۱۲/۱۲/۳۶ زعیم,کود NPK,nan,nan,,,False,2025-07-22 15:52:29,2025-07-22 15:52:29
https://agriplus.ir/Product/BKP-15232/20-20-20/,کود NPK ۲۰ ۲۰ ۲۰ زعیم,کود NPK,nan,nan,,,False,2025-07-22 15:52:32,2025-07-22 15:52:32
https://agriplus.ir/Product/BKP-14243/n-p-k-12-12-36-2/,کود ۱۲/۱۲/۳۶ NPK کوالی مکس,کود NPK,nan,nan,,,False,2025-07-22 15:52:35,2025-07-22 15:52:35
https://agriplus.ir/Product/BKP-14242/%da%a9%d9%88%d8%af-%d9%be%d9%88%d8%af%d8%b1%db%8c-20-20-20/,کود سه بیست (NPK ۲۰ ۲۰ ۲۰) کوالی مکس,کود NPK,29000000,29000000.0,1,,True,2025-07-22 15:52:38,2025-07-22 15:52:38
https://agriplus.ir/Product/BKP-14175/%da%a9%d9%88%d8%af-%db%b3%db%b0-%db%b1%db%b5-%db%b1%db%b5-npk-%da%a9%d8%b1%db%8c%d8%b3%d8%aa%d8%a7%d9%84%d9%88%d9%86-%db%8c%d8%a7%d8%b1%d8%a7/,کود ۳۰ ۱۵ ۱۵ NPK کریستالون یارا,کود NPK,nan,nan,,,False,2025-07-22 15:52:40,2025-07-22 15:52:40
https://agriplus.ir/Product/BKP-14176/%da%a9%d9%88%d8%af-%db%b2%db%b0-%db%b2%db%b0-%db%b2%db%b0-%da%a9%d8%b1%db%8c%d8%b3%d8%aa%d8%a7%d9%84%d9%88%d9%86-%db%8c%d8%a7%d8%b1%d8%a7/,کود ۲۰ ۲۰ ۲۰ کریستالون یارا,کود NPK,nan,nan,,,False,2025-07-22 15:52:43,2025-07-22 15:52:43
https://agriplus.ir/Product/BKP-14171/%da%a9%d9%88%d8%af-%d9%be%d9%88%d8%af%d8%b1%db%8c-%d9%81%db%8c%d8%b2%d9%88%d9%81%d8%b1%d8%aa%db%8c-%d8%ac%d9%88%d8%b4%d8%a7%d9%86-36-12-12/,کود ۱۲/۱۲/۳۶ NPK فیزوفرتی پرهام,کود NPK,nan,nan,,,False,2025-07-22 15:52:46,2025-07-22 15:52:46
https://agriplus.ir/Product/BKP-12871/%da%a9%d9%88%d8%af-%da%a9%d8%b1%db%8c%d8%b3%d8%aa%d8%a7%d9%84%d9%88%d9%86-18-18-18-%db%8c%d8%a7%d8%b1%d8%a7/,کود NPK 18 18 18 کریستالون یارا,کود NPK,nan,nan,,,False,2025-07-22 15:52:49,2025-07-22 15:52:49
https://agriplus.ir/Product/BKP-15234/%da%a9%d9%88%d8%af-%d9%be%d9%88%d8%af%d8%b1%db%8c-30-5-15-2/,کود NPK ۱۵ ۵ ۳۰ زعیم,کود NPK,nan,nan,,,False,2025-07-22 15:52:52,2025-07-22 15:52:52
https://agriplus.ir/Product/BKP-14170/%da%a9%d9%88%d8%af-%d9%be%d9%88%d8%af%d8%b1%db%8c-%d8%ac%d9%88%d8%b4%d8%a7%d9%86-%d9%81%db%8c%d8%b2%d9%88%d9%81%d8%b1%d8%aa%db%8c-30-5-15/,کود NPK ۱۵ ۵ ۳۰ فیزوفرتی پرهام,کود NPK,nan,nan,,,False,2025-07-22 15:52:55,2025-07-22 15:52:55
https://agriplus.ir/Product/BKP-23212/%da%a9%d9%88%d8%af-5-2-3-%d8%b2%d8%b9%db%8c%d9%85-%da%a9%db%8c%d8%b3%d9%87-20-%da%a9%db%8c%d9%84%d9%88%db%8c%db%8c/,کود NPK ۵ ۲ ۳ زعیم,کود NPK,nan,nan,,,False,2025-07-22 15:52:57,2025-07-22 15:52:57
https://agriplus.ir/Product/BKP-14185/%da%a9%d9%88%d8%af-%db%b4%db%b0-%db%b0-%db%b1%db%b0-npk-%da%a9%d8%b1%db%8c%d8%b3%d8%aa%d8%a7%d9%84%d9%88%d9%86-%db%8c%d8%a7%d8%b1%d8%a7/,کود ۴۰ ۰ ۱۰ NPK کریستالون یارا,کود NPK,nan,nan,,,False,2025-07-22 15:53:00,2025-07-22 15:53:00
https://agriplus.ir/Product/BKP-14181/%da%a9%d9%88%d8%af-%db%b3%db%b4-%db%b4-%db%b1%db%b4-npk-%da%a9%d8%b1%db%8c%d8%b3%d8%aa%d8%a7%d9%84%d9%88%d9%86-%db%8c%d8%a7%d8%b1%d8%a7/,کود ۳۴ ۴ ۱۴ NPK کریستالون یارا,کود NPK,nan,nan,,,False,2025-07-22 15:53:03,2025-07-22 15:53:03
https://agriplus.ir/Product/BKP-14180/%da%a9%d9%88%d8%af-%da%a9%d8%b1%db%8c%d8%b3%d8%aa%d8%a7%d9%84%d9%88%d9%86-19-6-20-%db%8c%d8%a7%d8%b1%d8%a7/,کود NPK 19 6 20 کریستالون یارا,کود NPK,nan,nan,,,False,2025-07-22 15:53:06,2025-07-22 15:53:06
https://agriplus.ir/Product/BKP-30590/%da%a9%d9%88%d8%af-%db%b2%db%b0-%db%b2%db%b0-%db%b2%db%b0-npk-%d9%86%d8%a7%d9%86-%d8%a7%da%af%d8%b1%db%8c/,کود ۲۰ ۲۰ ۲۰ NPK نان اگری,کود NPK,nan,nan,,,False,2025-07-22 15:53:09,2025-07-22 15:53:09
https://agriplus.ir/Product/BKP-34743/%da%a9%d9%88%d8%af-%db%b1%db%b0-%db%b5%db%b2-%db%b1%db%b0-npk-%d8%b2%db%8c%da%af%d9%84%d8%b1-%d8%a2%d9%84%d9%85%d8%a7%d9%86/,کود ۱۰ ۵۲ ۱۰ NPK زیگلر آلمان,کود NPK,3960000,3960000.0,1,,True,2025-07-22 15:53:12,2025-07-22 15:53:12
https://agriplus.ir/Product/BKP-34760/%da%a9%d9%88%d8%af-npk-15-5-30-%d9%86%d8%a7%d9%86-%d8%a7%da%af%d8%b1%db%8c/,کود NPK ۱۵ ۵ ۳۰ نان اگری,کود NPK,nan,nan,,,False,2025-07-22 15:53:15,2025-07-22 15:53:15
https://agriplus.ir/Product/BKP-35451/%da%a9%d9%88%d8%af-npk-%db%b1%db%b1-%db%b5%db%b3-%db%b0%db%b5-%d8%a7%db%8c%d9%86%d8%aa%d8%b1%d9%85%da%af/,کود NPK ۱۱ ۵۳ ۰۵ اینترمگ,کود NPK,52600000,52600000.0,1,,True,2025-07-22 15:53:18,2025-07-22 15:53:18
https://agriplus.ir/Product/BKP-35501/%da%a9%d9%88%d8%af-%d8%b3%d9%87-%d8%a8%db%8c%d8%b3%d8%aa-%d8%b2%db%8c%da%af%d9%84%d8%b1-%d8%a2%d9%84%d9%85%d8%a7%d9%86/,کود سه بیست زیگلر آلمان,کود NPK,nan,nan,,,False,2025-07-22 15:53:21,2025-07-22 15:53:21
https://agriplus.ir/Product/BKP-35887/%da%a9%d9%88%d8%af-%db%b1%db%b0-%db%b5%db%b2-%db%b1%db%b0-npk-%d8%a8%d8%a7%d9%88%d8%a7%d8%b1%db%8c%d8%a7-%d8%a2%d9%84%d9%85%d8%a7%d9%86/,کود ۱۰ ۵۲ ۱۰ NPK باواریا آلمان,کود NPK,nan,nan,,,False,2025-07-22 15:53:24,2025-07-22 15:53:24
https://agriplus.ir/Product/BKP-36876/10-52-10-pnp-fertilizer/,کود 10 52 10 پی ان پی,کود NPK,nan,nan,,,False,2025-07-22 15:53:28,2025-07-22 15:53:28
https://agriplus.ir/Product/BKP-37124/%da%a9%d9%88%d8%af-%db%b3%db%b6-%db%b1%db%b2-%db%b1%db%b2-npk-%d9%81%d8%b1%d9%85%d9%88%d9%84%d8%a7%db%8c%d9%81/,کود ۳۶ ۱۲ ۱۲ NPK فرمولایف,کود NPK,28175000,28175000.0,1,,True,2025-07-22 15:53:31,2025-07-22 15:53:31
https://agriplus.ir/Product/BKP-37199/%da%a9%d9%88%d8%af-%db%b3%db%b0-%db%b5-%db%b1%db%b5-%d9%81%d8%b1%d9%85%d9%88%d9%84%d8%a7%db%8c%d9%81/,کود ۳۰ ۵ ۱۵ فرمولایف,کود NPK,nan,nan,,,False,2025-07-22 15:53:34,2025-07-22 15:53:34
https://agriplus.ir/Product/BKP-37209/%da%a9%d9%88%d8%af-npk-%db%b2%db%b0-%db%b2%db%b0-%db%b2%db%b0-%d9%81%d8%b1%d9%85%d9%88%d9%84%d8%a7%db%8c%d9%81/,کود NPK ۲۰ ۲۰ ۲۰ فرمولایف,کود NPK,nan,nan,,,False,2025-07-22 15:53:37,2025-07-22 15:53:37
https://agriplus.ir/Product/BKP-37917/18-18-18-zigler/,کود 18 18 18 زیگلر,کود NPK,nan,nan,,,False,2025-07-22 15:53:40,2025-07-22 15:53:40
https://agriplus.ir/Product/BKP-38250/30-5-15-zigler/,کود NPK 15 5 30 زیگلر,کود NPK,nan,nan,,,False,2025-07-22 15:53:43,2025-07-22 15:53:43
https://agriplus.ir/Product/BKP-27471/%da%a9%d9%88%d8%af-%d8%b3%d9%88%d9%be%d8%b1-%d9%85%db%8c%d8%b1%d8%a7%da%a9%d9%84/,کود سوپر میراکل,کود هیدروپونیک (نمکی),nan,nan,,,False,2025-07-22 15:53:46,2025-07-22 16:25:43
https://agriplus.ir/Product/BKP-35452/%da%a9%d9%88%d8%af-npk-%db%b2%db%b0-%db%b2%db%b0-%db%b2%db%b0-%d8%a7%db%8c%d9%86%d8%aa%d8%b1%d9%85%da%af/,کود NPK ۲۰ ۲۰ ۲۰ اینترمگ,کود NPK,nan,nan,,,False,2025-07-22 15:53:49,2025-07-22 15:53:49
https://agriplus.ir/Product/BKP-30624/%da%a9%d9%88%d8%af-%db%b1%db%b0-%db%b5%db%b2-%db%b1%db%b0-npk-%d8%a7%da%af%d8%b1%db%8c%d9%81%d8%b1%d8%aa-%d8%aa%d8%b1%da%a9%db%8c%d8%a8%db%8c/,کود ۱۰ ۵۲ ۱۰ NPK اگریفرت ترکیبی,کود NPK,nan,nan,,,False,2025-07-22 15:53:51,2025-07-22 15:53:51
https://agriplus.ir/Product/BKP-14190/%da%a9%d9%88%d8%af-%d8%b1%d9%88%db%8c%d8%a7%d9%84-%d8%a7%d9%85%db%8c%d9%86/,کود آرتاگرو رویال آمین,کود آمینو اسید,"۶,۹۷۴,۰۰۰ ریال",nan,,,,2025-07-22 15:54:32,2025-07-22 15:54:32
https://agriplus.ir/Product/BKP-30294/%da%a9%d9%88%d8%af-%d8%a2%d9%85%db%8c%d9%86%d9%88-%d8%a7%d8%b3%db%8c%d8%af-%d8%a2%d9%85%db%8c%d9%81%d9%88%d8%b1%d8%aa/,کود آمینو اسید آمیفورت,کود آمینو اسید,"۱۲,۶۰۰,۰۰۰ ریال",nan,,,,2025-07-22 15:55:05,2025-07-22 15:55:05
https://agriplus.ir/Product/BKP-36921/amino-acid-fermolife/,کود آمینو اسید ۸۰ درصد فرمولایف,کود آمینو اسید,"۸,۱۱۰,۰۰۰ ریال",nan,,,,2025-07-22 15:55:39,2025-07-22 15:55:39
https://agriplus.ir/Product/BKP-27425/%da%a9%d9%88%d8%af-%d8%a2%d9%85%db%8c%d9%81%d9%88%d8%b1%d8%aa-%d9%85%da%a9%d8%b3/,کود آمینو اسید آمیفورت مکس,کود آمینو اسید,nan,nan,,,False,2025-07-22 15:55:42,2025-07-22 15:55:42
https://agriplus.ir/Product/BKP-14184/botanica/,کود بوتانیکا,کود آمینو اسید,nan,nan,,,False,2025-07-22 15:55:45,2025-07-22 15:55:45
https://agriplus.ir/Product/BKP-32065/%da%a9%d9%88%d8%af-%d9%85%da%af%d8%a7%d9%81%d9%88%d9%84/,کود مگافول,کود آمینو اسید,nan,nan,,,False,2025-07-22 15:55:48,2025-07-22 15:55:48
https://agriplus.ir/Product/BKP-38087/isabion-syngenta/,کود اسید آمینه ایزابیون سینجنتا,کود آمینو اسید,nan,nan,,,False,2025-07-22 15:55:51,2025-07-22 15:55:51
https://agriplus.ir/Product/BKP-38108/delfan-plus/,کود اسید آمینه دلفان پلاس,کود آمینو اسید,nan,nan,,,False,2025-07-22 15:55:54,2025-07-22 15:55:54
https://agriplus.ir/Product/BKP-30337/%da%a9%d9%88%d8%af-%d8%a7%d8%b1%da%af%d8%a7%d9%86%db%8c%da%a9-%d9%81%d8%b1%d8%a7%da%a9%d8%aa%d9%88%d9%86-%da%a9%db%8c%d9%85%db%8c%d8%aa%da%a9/,کود ارگانیک فراکتون کیمیتک,کود ارگانیک,"۱۹,۹۲۰,۰۰۰ ریال",nan,,,,2025-07-22 15:56:34,2025-07-22 15:56:34
https://agriplus.ir/Product/BKP-38824/kal-chicken-manure/,کود مرغی مایع کال,کود ارگانیک,"۲۶,۴۵۰,۰۰۰ ریال",nan,,,,2025-07-22 15:57:08,2025-07-22 15:57:08
https://agriplus.ir/Product/BKP-14240/king-garden/,کود مرغی مایع کینگ گاردن ۲,کود ارگانیک,nan,nan,,,False,2025-07-22 15:57:12,2025-07-22 15:57:12
https://agriplus.ir/Product/BKP-30586/%d9%82%d8%b1%d8%b5-%da%a9%d9%88%d8%af-%d8%a7%d8%b1%da%af%d8%a7%d9%86%db%8c%da%a9-%d8%b3%d8%a8%d9%88%d8%b3%db%8c%d8%a8/,قرص کود ارگانیک سبوسیب,کود ارگانیک,nan,nan,,,False,2025-07-22 15:57:15,2025-07-22 15:57:15
https://agriplus.ir/Product/BKP-14226/magic-alkan/,کود مرغی مجیک آلکان,کود ارگانیک,nan,nan,,,False,2025-07-22 15:57:18,2025-07-22 15:57:18
https://agriplus.ir/Product/BKP-30315/%da%a9%d9%88%d8%af-%d9%87%db%8c%d9%88%d9%85%db%8c%da%a9-%d8%a7%d8%b3%db%8c%d8%af-%d9%be%d8%b1%da%a9-%d8%a2%d8%a8%d8%a7%d8%af%db%8c%d8%b3/,کود هیومیک اسید پرک ۷۰ درصد آبادیس,کود هیومیک اسید,19320000,19320000.0,1,,True,2025-07-22 15:57:35,2025-07-22 16:28:25
https://agriplus.ir/Product/BKP-23164/%da%a9%d9%88%d8%af-%d8%b1%da%a9%d8%aa%db%8c%d9%81%d8%a7%db%8c%d8%b1/,کود رکتیفایر جنوبگان,کود اصلاح کننده آب و خاک,993000,3972.0,250,,True,2025-07-22 15:57:39,2025-07-22 15:57:39
https://agriplus.ir/Product/BKP-30480/%da%a9%d9%88%d8%af-%d8%b6%d8%af-%d8%b4%d9%88%d8%b1%db%8c-%d8%a2%d9%86%d8%aa%db%8c-%d8%b3%d8%a7%d9%84%d8%aa/,کود ضد شوری آنتی سالت,کود اصلاح کننده آب و خاک,"۲۲,۲۰۰,۰۰۰ ریال",nan,,,,2025-07-22 15:58:12,2025-07-22 15:58:12
https://agriplus.ir/Product/BKP-23162/%d8%b5%d8%a7%d8%a8%d9%88%d9%86-%d9%85%d8%ad%d9%84%d9%88%d9%84-%d9%be%d8%a7%d8%b4%db%8c-%d9%82%d9%88%d8%b7%db%8c-%db%8c%da%a9-%d9%84%db%8c%d8%aa%d8%b1%db%8c-%d8%ac%d9%86%d9%88%d8%a8%da%af%d8%a7%d9%86/,صابون محلول پاشی یونی جنوبگان,کود اصلاح کننده آب و خاک,1030000,1030000.0,1,,True,2025-07-22 15:58:15,2025-07-22 15:58:15
https://agriplus.ir/Product/BKP-22112/%d8%a7%d8%b3%db%8c%d8%af-%d9%87%db%8c%d9%88%d9%85%db%8c%da%a9-%d8%a7%d8%b3%d8%aa%d8%b1%d8%a7%d9%86%da%af-%d8%a8%d8%b3%d8%aa%d9%87-%db%8c%da%a9-%da%a9%db%8c%d9%84%d9%88%da%af%d8%b1%d9%85%db%8c/,کود پودری اسید هیومیک استرانگ,کود هیومیک اسید,"۹,۲۰۰,۰۰۰ ریال",nan,,,,2025-07-22 15:58:49,2025-07-22 16:27:51
https://agriplus.ir/Product/BKP-30403/%da%a9%d9%88%d8%af-%d9%86%db%8c%d8%aa%d8%b1%d9%88%da%98%d9%86%d9%87-nf%db%b2%db%b7%db%b0%db%b5-%d8%a2%d8%b2%d8%a7%d8%b1%da%af%d8%a7%d8%aa%d8%a7/,کود نیتروژنه NF۲۷۰۵ آزارگاتا,کود اصلاح کننده آب و خاک,"۳,۳۳۳,۰۰۰ ریال",nan,,,,2025-07-22 15:59:22,2025-07-22 15:59:22
https://agriplus.ir/Product/BKP-33827/%d8%b3%d9%88%d8%b1%d9%81%da%a9%d8%aa%d8%a7%d9%86%d8%aa-%d8%a8%d9%87%d8%a7%d8%b1%d8%a7%d9%86/,سورفکتانت فرمولایف,کود اصلاح کننده آب و خاک,"۱,۹۲۰,۰۰۰ ریال",nan,,,,2025-07-22 15:59:55,2025-07-22 15:59:55
https://agriplus.ir/Product/BKP-37535/%da%a9%d9%88%d8%af-%d9%87%db%8c%d9%88%d9%85%db%8c%da%a9-%d8%a7%d8%b3%db%8c%d8%af-%d9%87%db%8c%d9%88%d9%85%db%8c%d9%86-%d9%88%d8%a7%d9%86-%d9%be%db%8c-%d8%a7%d9%86-%d9%be%db%8c/,کود هیومیک اسید (هیومین وان) پی ان پی,کود هیومیک اسید,"۹,۱۲۰,۰۰۰ ریال",nan,,,,2025-07-22 16:00:28,2025-07-22 16:28:58
https://agriplus.ir/Product/BKP-37797/kaverino-toba/,کاورینو طوبا,کود اصلاح کننده آب و خاک,"۱,۸۰۰,۰۰۰ ریال",nan,,,,2025-07-22 16:01:01,2025-07-22 16:01:01
https://agriplus.ir/Product/BKP-23165/%da%a9%d9%88%d8%af-%d9%85%d8%a7%db%8c%d8%b9-%d8%a2%d8%ac%d9%88%d8%af%d8%a7%d9%86-%d9%82%d9%88%d8%b7%db%8c-%db%8c%da%a9-%d9%84%db%8c%d8%aa%d8%b1%db%8c/,صابون محلول‌ پاشی آجودان جنوبگان,کود اصلاح کننده آب و خاک,nan,nan,,,False,2025-07-22 16:01:05,2025-07-22 16:01:05
https://agriplus.ir/Product/BKP-24062/%d8%a8%d8%a7%d9%81%d8%b1%db%8c%d9%86/,بافرین (کاهش دهنده pH آب) کیمیا سبزآور,کود اصلاح کننده آب و خاک,nan,nan,,,False,2025-07-22 16:01:07,2025-07-22 16:01:07
https://agriplus.ir/Product/BKP-37137/%da%a9%d9%88%d8%af-%d9%87%db%8c%d9%88%d9%85%db%8c%da%a9-%d8%a7%d8%b3%db%8c%d8%af-%da%af%d8%a7%d8%b1%d8%af%d8%b3%da%a9%d9%88/,کود هیومیک اسید گاردسکو,کود هیومیک اسید,nan,nan,,,False,2025-07-22 16:01:10,2025-07-22 16:29:03
https://agriplus.ir/Product/BKP-30318/%da%a9%d9%88%d8%af-%d8%a8%db%8c%d9%88%d9%81%d9%88%d9%84%d9%88%db%8c%da%a9-%d8%a7%d8%b3%db%8c%d8%af-%d8%b3%d9%88%d9%be%d8%b1/,کود بیوفولویک اسید سوپر,کود اصلاح کننده آب و خاک,nan,nan,,,False,2025-07-22 16:01:13,2025-07-22 16:01:13
https://agriplus.ir/Product/BKP-24061/%d8%a7%d8%b3%db%8c%d8%af-%d9%86%db%8c%d8%aa%d8%b1%db%8c%da%a9-%da%af%d8%a7%d9%84%d9%86/,اسید نیتریک ۵۴ درصد,کود اصلاح کننده آب و خاک,nan,nan,,,False,2025-07-22 16:01:16,2025-07-22 16:01:16
https://agriplus.ir/Product/BKP-30400/%da%a9%d9%88%d8%af-%d9%86%db%8c%d8%aa%d8%b1%d9%88%da%98%d9%86%d9%87-nf%db%b2%db%b8%db%b0%db%b5-%d8%a2%d8%b2%d8%a7%d8%b1%da%af%d8%a7%d8%aa%d8%a7/,کود نیتروژنه NF۲۸۰۵ آزارگاتا,کود اصلاح کننده آب و خاک,nan,nan,,,False,2025-07-22 16:01:19,2025-07-22 16:01:19
https://agriplus.ir/Product/BKP-30336/%da%a9%d9%88%d8%af-%d9%be%db%8c-%d8%a7%da%86-%d9%81%db%8c%da%a9%d8%b3/,کود پی اچ فیکس,کود اصلاح کننده آب و خاک,nan,nan,,,False,2025-07-22 16:01:22,2025-07-22 16:01:22
https://agriplus.ir/Product/BKP-34236/%da%a9%d9%88%d8%af-%d9%87%db%8c%d9%88%d9%85%db%8c%da%a9-%d8%a7%d8%b3%db%8c%d8%af-%d8%b2%db%8c%da%af%d9%84%d8%b1-%d8%a2%d9%84%d9%85%d8%a7%d9%86/,کود هیومیک اسید زیگلر آلمان,کود هیومیک اسید,nan,nan,,,False,2025-07-22 16:01:25,2025-07-22 16:29:06
https://agriplus.ir/Product/BKP-30570/%da%a9%d9%88%d8%af-%d8%a7%da%af%d8%b1%d9%88%d9%87%db%8c%d9%88%d9%85%db%8c%da%a9/,کود اگروهیومیک,کود هیومیک اسید,nan,nan,,,False,2025-07-22 16:01:28,2025-07-22 16:29:12
https://agriplus.ir/Product/BKP-25444/%da%a9%d9%88%d8%af-%d8%b3%d9%88%d9%be%d8%a7%d9%84%db%8c%d9%86%da%a9-%d8%a7%da%af%d8%b1%db%8c%da%a9%d9%85-%d8%a7%d8%b3%d8%aa%d8%b1%d8%a7%d9%84%db%8c%d8%a7/,کود سوپالینک اگریکم استرالیا,کود اصلاح کننده آب و خاک,nan,nan,,,False,2025-07-22 16:01:30,2025-07-22 16:01:30
https://agriplus.ir/Product/BKP-21701/water-master/,کود مایع هیگرو واتر مستر,کود اصلاح کننده آب و خاک,nan,nan,,,False,2025-07-22 16:01:33,2025-07-22 16:01:33
https://agriplus.ir/Product/BKP-35303/%da%a9%d9%88%d8%af-%d9%87%db%8c%d9%88%d9%85%db%8c%da%a9-%d8%a7%d8%b3%db%8c%d8%af-%d9%87%db%8c%d9%88%d9%85%d8%a7%d8%aa-%d9%be%d8%aa%d8%a7%d8%b3%db%8c%d9%85-%db%b6%db%b0-%d8%af%d8%b1%d8%b5%d8%af/,کود هیومیک اسید (هیومات پتاسیم ۶۰ درصد) پرک آبادیس,کود هیومیک اسید,nan,nan,,,False,2025-07-22 16:01:36,2025-07-22 16:29:15
https://agriplus.ir/Product/BKP-35487/%d8%b3%d9%88%d8%b1%d9%81%da%a9%d8%aa%d8%a7%d9%86%d8%aa-%d8%af%d8%b4-basf-%d8%a2%d9%84%d9%85%d8%a7%d9%86/,سورفکتانت دش BASF آلمان,کود اصلاح کننده آب و خاک,nan,nan,,,False,2025-07-22 16:01:39,2025-07-22 16:01:39
https://agriplus.ir/Product/BKP-36863/super-humico-fertilizer/,کود سوپر هیومیکو لبین,کود هیومیک اسید,nan,nan,,,False,2025-07-22 16:01:42,2025-07-22 16:29:18
https://agriplus.ir/Product/BKP-37504/%da%a9%d9%88%d8%af-%d9%be%db%8c-%d8%a7%da%86-%da%a9%d9%86%d8%aa%d8%b1%d9%84-%d9%be%d9%84%d8%a7%d8%b3-%d8%a8%d8%a7%d8%b1%d8%a7%d9%81%d8%b4%d8%a7%d9%86/,کود پی اچ کنترل پلاس بارافشان,کود اصلاح کننده آب و خاک,nan,nan,,,False,2025-07-22 16:01:45,2025-07-22 16:01:45
https://agriplus.ir/Product/BKP-37574/%da%a9%d9%88%d8%af-%d8%b6%d8%af-%d8%b4%d9%88%d8%b1%db%8c-%d8%af%d8%b3%d8%a7%d9%84%d8%aa-%d9%81%d8%b1%d9%85%d9%88%d9%84%d8%a7%db%8c%d9%81/,کود ضد شوری دسالت فرمولایف,کود اصلاح کننده آب و خاک,nan,nan,,,False,2025-07-22 16:01:47,2025-07-22 16:01:47
https://agriplus.ir/Product/BKP-37877/improve/,کود اصلاح‌ کننده آب ایمپروو,کود اصلاح کننده آب و خاک,nan,nan,,,False,2025-07-22 16:01:50,2025-07-22 16:01:50
https://agriplus.ir/Product/BKP-24342/%da%a9%d9%88%d8%af-%d9%87%db%8c%d9%88%d9%85%db%8c%da%a9-%d8%a7%d8%b3%db%8c%d8%af-%d8%a8%d8%b3%d8%aa%d9%87-%d8%a8%d9%86%d8%af%db%8c-%d8%ae%d8%a7%d9%86%da%af%db%8c/,کود هیومیک اسید بسته بندی خانگی,کود هیومیک اسید,nan,nan,,,False,2025-07-22 16:02:04,2025-07-22 16:27:18
https://agriplus.ir/Product/BKP-13319/%da%a9%d9%88%d8%af-%d8%a8%db%8c%d9%88%d9%84%d9%88%da%98%db%8c%da%a9-%d8%a8%d8%b3%d8%aa%d9%87-%d8%a8%d9%86%d8%af%db%8c-%d8%ae%d8%a7%d9%86%da%af%db%8c/,کود بیولوژیک بسته بندی خانگی,کود زیستی,"۱۹۸,۰۰۰ ریال",nan,,,,2025-07-22 16:02:08,2025-07-22 16:03:17
https://agriplus.ir/Product/BKP-13305/%da%a9%d9%88%d8%af-%d9%88%db%8c%da%98%d9%87-%da%a9%d8%a7%da%a9%d8%aa%d9%88%d8%b3/,کود ویژه کاکتوس بسته بندی خانگی,کود خانگی,"۲۷۵,۰۰۰ ریال",nan,,,,2025-07-22 16:02:11,2025-07-22 16:02:11
https://agriplus.ir/Product/BKP-13306/%da%a9%d9%88%d8%af-%d8%a2%d9%87%d9%86-%da%a9%d9%88%da%86%da%a9-%d8%a8%d8%b3%d8%aa%d9%87-%d8%a8%d9%86%d8%af%db%8c-%d8%ae%d8%a7%d9%86%da%af%db%8c/,کود آهن با بسته بندی خانگی,کود میکرو (ریز مغذی),"۳۰۸,۰۰۰ ریال",nan,,,,2025-07-22 16:02:14,2025-07-22 16:13:14
https://agriplus.ir/Product/BKP-13321/%da%a9%d9%88%d8%af-%d9%88%db%8c%da%98%d9%87-%d8%b3%d8%a8%d8%b2%db%8c%d8%ac%d8%a7%d8%aa/,کود ویژه سبزیجات بسته بندی خانگی,کود خانگی,nan,nan,,,False,2025-07-22 16:02:22,2025-07-22 16:02:22
https://agriplus.ir/Product/BKP-28040/%da%a9%d9%88%d8%af-%d9%85%d8%a7%db%8c%d8%b9-%d8%a8%db%8c%d9%88%d8%b1%d8%a7%d8%af%db%8c%da%a9%d8%a7%d9%86%d8%aa-%d8%a7%d8%b3%d9%be%d8%a7%d9%86%db%8c%d8%a7/,کود مایع بیورادیکانت اسپانیا,کود هیدروپونیک (نمکی),7890000,7890000.0,1,,True,2025-07-22 16:02:37,2025-07-22 16:22:54
https://agriplus.ir/Product/BKP-25290/%d8%a8%d8%a7%da%a9%d8%aa%d8%b1%db%8c-em/,باکتری ای ام,کود زیستی,nan,nan,,,False,2025-07-22 16:02:40,2025-07-22 16:02:40
https://agriplus.ir/Product/BKP-14182/bacilar/,کود مایع ریشه زا باسیلار,کود زیستی,"۱۱,۵۰۰,۰۰۰ ریال",nan,,,,2025-07-22 16:03:13,2025-07-22 16:03:13
https://agriplus.ir/Product/BKP-30339/%da%a9%d9%88%d8%af-%d9%85%d8%ad%d8%b1%da%a9-%d8%b1%d8%b4%d8%af-%d8%b1%db%8c%d8%b4%d9%87-%d8%b1%db%8c%da%98%d9%88/,کود محرک رشد ریشه ریژو,کود زیستی,"۱۳,۹۶۰,۰۰۰ ریال",nan,,,,2025-07-22 16:03:50,2025-07-22 16:03:50
https://agriplus.ir/Product/BKP-34954/%da%a9%d9%88%d8%af-%d8%a8%db%8c%d9%88%d9%84%d9%88%da%98%db%8c%da%a9-%d8%aa%d8%b1%db%8c%da%a9%d9%88%d8%b1%d8%a7%d9%86-%d9%be%db%8c/,کود بیولوژیک تریکوران پی,کود زیستی,"۳,۴۸۰,۰۰۰ ریال",nan,,,,2025-07-22 16:04:23,2025-07-22 16:04:23
https://agriplus.ir/Product/BKP-34905/%da%a9%d9%88%d8%af-%d9%be%d8%b1%d9%88%d8%a8%db%8c%d9%88-%db%b9%db%b6-%d8%a8%d8%a7%db%8c%d9%88%d8%b1%d8%a7%d9%86/,کود پروبیو ۹۶ بایوران,کود زیستی,nan,nan,,,False,2025-07-22 16:04:26,2025-07-22 16:04:26
https://agriplus.ir/Product/BKP-33315/%da%a9%d9%88%d8%af-%d9%82%d8%a7%d8%b1%da%86-%da%a9%d8%b4-%d8%a7%d8%b1%da%af%d8%a7%d9%86%db%8c%da%a9-%d8%a8%d8%a7%db%8c%d9%88%da%af%d8%a7%d8%b1%d8%af/,کود قارچ کش ارگانیک بایوگارد,کود زیستی,"۹,۵۵۰,۰۰۰ ریال",nan,,,,2025-07-22 16:04:59,2025-07-22 16:04:59
https://agriplus.ir/Product/BKP-22657/%da%a9%d9%88%d8%af-%d9%85%d9%88%d9%86%d9%88-%d9%be%d8%aa%d8%a7%d8%b3%db%8c%d9%85-%d9%81%d8%b3%d9%81%d8%a7%d8%aa-%da%a9%d9%88%d8%a7%d9%84%db%8c-%d9%85%da%a9%d8%b3/,کود مونو پتاسیم فسفات (۳۴ ۵۲ ۰) کوالی مکس,کود هیدروپونیک (نمکی),4130000,4130000.0,1,,True,2025-07-22 16:05:19,2025-07-22 16:21:55
https://agriplus.ir/Product/BKP-19841/%da%a9%d9%88%d8%af-%d9%86%db%8c%d8%aa%d8%b1%d8%a7%d8%aa-%d9%be%d8%aa%d8%a7%d8%b3%db%8c%d9%85-2/,کود نیترات پتاسیم کوالی مکس,کود هیدروپونیک (نمکی),nan,nan,,,False,2025-07-22 16:05:22,2025-07-22 16:22:29
https://agriplus.ir/Product/BKP-14237/trust-k52/,کود مایع تراست پتاسیم ۵۲,کود ماکرو,"۶,۲۰۰,۰۰۰ ریال",nan,,,,2025-07-22 16:05:55,2025-07-22 16:05:55
https://agriplus.ir/Product/BKP-32060/%da%a9%d9%88%d8%af-%d9%85%d9%88%d9%86%d9%88-%d9%be%d8%aa%d8%a7%d8%b3%db%8c%d9%85-%d9%81%d8%b3%d9%81%d8%a7%d8%aa-%d8%b2%db%8c%da%af%d9%84%d8%b1/,کود مونو پتاسیم فسفات زیگلر,کود هیدروپونیک (نمکی),3960000,3960000.0,1,,True,2025-07-22 16:05:58,2025-07-22 16:25:18
https://agriplus.ir/Product/BKP-35505/%da%a9%d9%88%d8%af-%d8%b3%d9%88%d9%84%d9%81%d8%a7%d8%aa-%d9%be%d8%aa%d8%a7%d8%b3%db%8c%d9%85-%db%b5%db%b1-%db%b0-%db%b0-%d8%b2%db%8c%da%af%d9%84%d8%b1/,کود سولفات پتاسیم (۵۱-۰-۰) زیگلر,کود هیدروپونیک (نمکی),2420000,2420000.0,1,,True,2025-07-22 16:06:01,2025-07-22 16:24:09
https://agriplus.ir/Product/BKP-22110/%da%a9%d9%88%d8%af-%d9%85%d8%a7%db%8c%d8%b9-%d8%aa%d8%b1%d8%a7%d8%b3%d8%aa-%da%a9%d9%84%d8%b3%db%8c%d9%85-%d8%a8%d8%b1-%d9%82%d9%88%d8%b7%db%8c-%db%8c%da%a9-%d9%84%db%8c%d8%aa%d8%b1%db%8c/,کود مایع تراست کلبر,کود ماکرو,"۸,۰۰۰,۰۰۰ ریال",nan,,,,2025-07-22 16:06:34,2025-07-22 16:06:34
https://agriplus.ir/Product/BKP-27430/%da%a9%d9%88%d8%af-%d9%85%d8%a7%db%8c%d8%b9-%da%a9%d8%a7%d8%a6%d9%88%d8%b3-%d8%a7%db%8c%da%a9%d8%b3-%d8%aa%db%8c/,کود مایع کائوس ایکس تی کیمیتک,کود ماکرو,"۷,۶۶۰,۰۰۰ ریال",nan,,,,2025-07-22 16:07:07,2025-07-22 16:07:07
https://agriplus.ir/Product/BKP-30391/%da%a9%d9%88%d8%af-%d9%be%db%8c%d8%a7%d9%86%d8%aa%d8%a7-%da%a9%d9%84%d8%b3%db%8c%d9%88-%db%b4%db%b0%d9%aa-%d9%81%db%8c%d8%aa%d9%88%d9%86%d8%a7%d8%aa%d9%88%d8%b1%d8%a7/,کود پیانتا کلسیو ۴۰٪ فیتوناتورا,کود ماکرو,"۶,۸۹۰,۰۰۰ ریال",nan,,,,2025-07-22 16:07:40,2025-07-22 16:07:40
https://agriplus.ir/Product/BKP-30358/%da%a9%d9%88%d8%af-%da%a9%d9%84%d8%b3%db%8c%d9%85-%d8%b1%d9%88%db%8c-%d8%a8%d8%b1/,کود کلسیم روی بر,کود ماکرو,"۸,۰۰۰,۰۰۰ ریال",nan,,,,2025-07-22 16:08:12,2025-07-22 16:08:12
https://agriplus.ir/Product/BKP-32223/%da%a9%d9%88%d8%af-%d9%85%d8%a7%db%8c%d8%b9-%da%a9%d9%84%d9%81%d9%88%d8%b3-calphos/,کود مایع کلفوس (Calphos),کود ماکرو,"۱۱,۵۰۰,۰۰۰ ریال",nan,,,,2025-07-22 16:08:45,2025-07-22 16:08:45
https://agriplus.ir/Product/BKP-36864/labifol-movical-fertilizer/,کود لبیفول موویکال لبین,کود ماکرو,"۱۱,۰۰۰,۰۰۰ ریال",nan,,,,2025-07-22 16:09:18,2025-07-22 16:09:18
https://agriplus.ir/Product/BKP-30335/%da%a9%d9%88%d8%af-%d8%a7%db%8c%d8%b3%db%8c-%d9%84%d8%a7%db%8c%d9%81/,کود ایسی لایف,کود ماکرو,"۷,۳۰۰,۰۰۰ ریال",nan,,,,2025-07-22 16:09:51,2025-07-22 16:09:51
https://agriplus.ir/Product/BKP-30393/%da%a9%d9%88%d8%af-%d8%a7%d9%88%d9%84%d9%88%d8%b4%d9%86-%db%b0%db%b8-%db%b4%db%b8-%db%b1%db%b2-%d9%81%db%8c%d8%aa%d9%88%d9%86%d8%a7%d8%aa%d9%88%d8%b1%d8%a7/,کود اولوشن ۰۸ ۴۸ ۱۲ فیتوناتورا,کود ماکرو,5590000,5590000.0,1,,True,2025-07-22 16:09:55,2025-07-22 16:09:55
https://agriplus.ir/Product/BKP-30613/%da%a9%d9%88%d8%af-%d9%85%d8%a7%db%8c%d8%b9-%d9%86%d9%88%d8%aa%d8%b1%db%8c%d9%81%d9%88%d8%b3/,کود مایع نوتریفوس,کود ماکرو,"۱۰,۰۳۰,۰۰۰ ریال",nan,,,,2025-07-22 16:10:28,2025-07-22 16:10:28
https://agriplus.ir/Product/BKP-30539/%da%a9%d9%88%d8%af-%d9%be%db%8c-%d8%a7%d8%b3%d9%be%db%8c%d8%af-p-speed-%d9%81%db%8c%d8%aa%d9%88%d9%86%d8%a7%d8%aa%d9%88%d8%b1%d8%a7/,کود پی اسپید (p-speed) فیتوناتورا,کود ماکرو,"۹,۶۰۰,۰۰۰ ریال",nan,,,,2025-07-22 16:11:01,2025-07-22 16:11:01
https://agriplus.ir/Product/BKP-15231/%da%a9%d9%88%d8%af-%d8%b3%d9%88%d9%84%d9%81%d8%a7%d8%aa-%d9%be%d8%aa%d8%a7%d8%b3%db%8c%d9%85-2/,کود سولفات پتاسیم ۵۲ ۰ ۰ NPK زعیم,کود هیدروپونیک (نمکی),nan,nan,,,False,2025-07-22 16:11:07,2025-07-22 16:26:34
https://agriplus.ir/Product/BKP-14244/%da%a9%d9%88%d8%af-%da%a9%d9%88%d8%a7%d9%84%db%8c-%d9%85%da%a9%d8%b3-%d8%b3%d9%88%d9%84%d9%81%d8%a7%d8%aa-%d9%be%d8%aa%d8%a7%d8%b3%db%8c%d9%85/,کود سولفات پتاسیم کوالی مکس,کود هیدروپونیک (نمکی),17000000,17000000.0,1,,True,2025-07-22 16:11:11,2025-07-22 16:25:50
https://agriplus.ir/Product/BKP-15756/%da%a9%d9%88%d8%af-%d9%85%d9%88%d9%86%d9%88-%d9%be%d8%aa%d8%a7%d8%b3%db%8c%d9%85-%d9%81%d8%b3%d9%81%d8%a7%d8%aa-2/,کود مونو پتاسیم فسفات پلنت فید,کود هیدروپونیک (نمکی),nan,nan,,,False,2025-07-22 16:11:15,2025-07-22 16:25:54
https://agriplus.ir/Product/BKP-35957/%da%a9%d9%88%d8%af-%d8%b3%d9%88%d9%84%d9%88-%d9%be%d8%aa%d8%a7%d8%b3-%db%b5%db%b1-%db%b0-%db%b0-%da%a9%d9%86%d8%ac%d8%a7%d9%84%d9%87-%d8%b3%d8%a7%d8%b2/,کود سولو پتاس (۵۱ ۰ ۰) کنجاله ساز,کود هیدروپونیک (نمکی),nan,nan,,,False,2025-07-22 16:11:17,2025-07-22 16:26:06
https://agriplus.ir/Product/BKP-36886/pnp-potassium-sulfate-fertilizer/,کود سولفات پتاسیم پی ان پی,کود هیدروپونیک (نمکی),nan,nan,,,False,2025-07-22 16:11:21,2025-07-22 16:26:13
https://agriplus.ir/Product/BKP-37121/%da%a9%d9%88%d8%af-%d9%86%db%8c%d8%aa%d8%b1%d8%a7%d8%aa-%d9%be%d8%aa%d8%a7%d8%b3%db%8c%d9%85-%d9%be%d8%b1%db%8c%d9%86%d9%88%d8%a7/,کود نیترات پتاسیم پرینوا,کود هیدروپونیک (نمکی),nan,nan,,,False,2025-07-22 16:11:23,2025-07-22 16:26:16
https://agriplus.ir/Product/BKP-23262/%da%a9%d9%88%d8%af-%d9%85%d8%a7%db%8c%d8%b9-%d8%b1%d9%88%d8%aa-%da%a9%d9%84%d8%b3%db%8c%d9%85-%d9%82%d9%88%d8%b7%db%8c-%db%8c%da%a9-%d9%84%db%8c%d8%aa%d8%b1%db%8c/,کود مایع کلسیم روت کال,کود ماکرو,nan,nan,,,False,2025-07-22 16:11:26,2025-07-22 16:11:26
https://agriplus.ir/Product/BKP-30354/%da%a9%d9%88%d8%af-%d9%be%d8%b1%db%8c%d9%88%d9%86%d8%aa-%da%a9%d9%84%d8%b3%db%8c%d9%85-%db%b4%db%b2%db%b0/,کود پریونت کلسیم ۴۲۰,کود ماکرو,nan,nan,,,False,2025-07-22 16:11:29,2025-07-22 16:11:29
https://agriplus.ir/Product/BKP-30345/%da%a9%d9%88%d8%af-%db%8c%d9%88%d8%b1%d9%88-%d8%a7%db%8c%d9%86%d8%b3%d8%aa%d9%86%d8%aa-%da%a9%d9%84%d8%b3%db%8c%d9%85-%db%8c%d9%88%d8%b1%d9%88%d8%b3%d8%a7%d9%84%db%8c%d8%af%d8%b2/,کود یورو اینستنت کلسیم یوروسالیدز,کود ماکرو,nan,nan,,,False,2025-07-22 16:11:32,2025-07-22 16:11:32
https://agriplus.ir/Product/BKP-32062/%da%a9%d9%88%d8%af-%d9%85%db%8c%d9%86%d8%a7%d8%b3%d9%88%d9%84-%da%a9%d9%84%d8%b3%db%8c%d9%85-%d9%85%d9%86%db%8c%d8%b2%db%8c%d9%85-%d8%ac%d9%86%d9%88%d8%a8%da%af%d8%a7%d9%86/,کود میناسول کلسیم منیزیم جنوبگان,کود ماکرو,nan,nan,,,False,2025-07-22 16:11:35,2025-07-22 16:11:35
https://agriplus.ir/Product/BKP-15226/%da%a9%d9%88%d8%af-n-up-2/,کود مایع ان آپ زعیم,کود ماکرو,nan,nan,,,False,2025-07-22 16:11:38,2025-07-22 16:11:38
https://agriplus.ir/Product/BKP-23274/%da%a9%d9%88%d8%af-%d8%b1%d9%88%d8%aa-%d9%be%db%8c/,کود روت پی,کود هیدروپونیک (نمکی),nan,nan,,,False,2025-07-22 16:11:41,2025-07-22 16:25:50
https://agriplus.ir/Product/BKP-21534/%da%a9%d9%88%d8%af-%d9%85%d8%a7%db%8c%d8%b9-%d8%a7%d9%86-%d8%a7%d8%b3/,کود مایع (N.S) ان اس زعیم,کود ماکرو,nan,nan,,,False,2025-07-22 16:11:44,2025-07-22 16:11:44
https://agriplus.ir/Product/BKP-39001/defender-mg/,کود دفندر منیزیم فیوچراکو اسپانیا,کود ماکرو,nan,nan,,,False,2025-07-22 16:11:47,2025-07-22 16:11:47
https://agriplus.ir/Product/BKP-32226/%da%a9%d9%88%d8%af-%da%af%d8%b1%d9%88-%d9%85%d8%b3%d8%aa%d8%b1-grow-master/,کود گرو مستر (Grow Master),کود ماکرو,nan,nan,,,False,2025-07-22 16:11:50,2025-07-22 16:11:50
https://agriplus.ir/Product/BKP-27563/geogold/,كود كلات آهن ژئو گلد,کود میکرو (ریز مغذی),"۱۱,۵۰۰,۰۰۰ ریال",nan,,,,2025-07-22 16:12:38,2025-07-22 16:12:38
https://agriplus.ir/Product/BKP-22107/%da%a9%d9%88%d8%af-%d8%a2%d9%87%d9%86-%d8%aa%d8%b1%d8%a7%d8%b3%d8%aa-%d9%81%d8%b1%d9%88/,کود آهن تراست فرو ۱۳٪,کود میکرو (ریز مغذی),"۱۱,۰۰۰,۰۰۰ ریال",nan,,,,2025-07-22 16:13:11,2025-07-22 16:13:11
https://agriplus.ir/Product/BKP-12159/deep-green-2/,کود آهن دیپ گرین,کود میکرو (ریز مغذی),"۱۴,۴۰۰,۰۰۰ ریال",nan,,,,2025-07-22 16:13:47,2025-07-22 16:13:47
https://agriplus.ir/Product/BKP-25397/%da%a9%d9%88%d8%af-%da%a9%d8%a7%d9%85%d9%be%d9%84%db%8c%d8%aa-zmc-%d9%82%d9%88%d8%b7%db%8c/,کود کامپلیت zmc اگریکم,کود میکرو (ریز مغذی),"۱۱,۷۰۰,۰۰۰ ریال",nan,,,,2025-07-22 16:14:20,2025-07-22 16:14:20
https://agriplus.ir/Product/BKP-23599/%da%a9%d9%88%d8%af-%d8%aa%d8%b1%d8%a7%d8%b3%d8%aa-%da%a9%d9%85%d8%a8%db%8c/,کود تراست کمبی (TRUST COMBI),کود میکرو (ریز مغذی),"۱۱,۵۰۰,۰۰۰ ریال",nan,,,,2025-07-22 16:14:53,2025-07-22 16:14:53
https://agriplus.ir/Product/BKP-22111/%da%a9%d9%88%d8%af-%d8%aa%d8%b1%d8%a7%d8%b3%d8%aa-%d9%85%d9%86%da%af%d9%86%d8%b2/,کود تراست منگنز,کود هیدروپونیک (نمکی),"۱۱,۰۰۰,۰۰۰ ریال",nan,,,,2025-07-22 16:15:26,2025-07-22 16:22:26
https://agriplus.ir/Product/BKP-27429/%da%a9%d9%88%d8%af-%d9%85%d8%a7%db%8c%d8%b9-%d9%85%d9%86%da%af%d8%b2%db%8c%d9%86%da%a9-%d9%be%d9%84%d8%a7%d8%b3-%da%a9%db%8c%d9%85%db%8c%d8%aa%da%a9/,کود مایع منگزینک پلاس کیمیتک,کود میکرو (ریز مغذی),"۹,۲۷۶,۰۰۰ ریال",nan,,,,2025-07-22 16:15:59,2025-07-22 16:15:59
https://agriplus.ir/Product/BKP-30290/%da%a9%d9%88%d8%af-%d8%aa%d8%b1%d8%a7%d8%b3%d8%aa-%d9%85%d8%b3-trust-copper-%db%b1%db%b5-%d8%af%d8%b1%d8%b5%d8%af/,کود تراست مس (TRUST COPPER) ۱۵ درصد,کود میکرو (ریز مغذی),"۱۲,۰۰۰,۰۰۰ ریال",nan,,,,2025-07-22 16:16:32,2025-07-22 16:16:32
https://agriplus.ir/Product/BKP-30293/%da%a9%d9%88%d8%af-%d8%b1%d9%88%db%8c-%d8%af%db%8c%d9%be-%da%af%d8%b1%db%8c%d9%86-%db%b7-%d8%af%d8%b1%d8%b5%d8%af/,کود روی دیپ گرین ۷ درصد,کود میکرو (ریز مغذی),"۱۵,۶۰۰,۰۰۰ ریال",nan,,,,2025-07-22 16:17:05,2025-07-22 16:17:05
https://agriplus.ir/Product/BKP-30612/%da%a9%d9%88%d8%af-%d8%a2%da%a9%d9%88%d8%a7%d9%81%d8%a7%d8%b1%d9%85%d8%a7-%d8%af%d8%a7%d8%a8%d9%84-%d9%85%d8%aa%d8%a7%d9%84/,کود آکوافارما دابل متال,کود میکرو (ریز مغذی),"۱۱,۳۰۸,۰۰۰ ریال",nan,,,,2025-07-22 16:17:39,2025-07-22 16:17:39
https://agriplus.ir/Product/BKP-27434/%da%a9%d9%88%d8%af-%d9%85%db%8c%da%a9%d8%b1%d9%88-%d9%be%d9%84%d8%a7%d8%b3-%d9%84%d8%a8%db%8c%d9%86/,کود میکرو پلاس لبین,کود میکرو (ریز مغذی),"۱۱,۷۶۰,۰۰۰ ریال",nan,,,,2025-07-22 16:18:12,2025-07-22 16:18:12
https://agriplus.ir/Product/BKP-36979/bavaria-iron-fertilizer/,کود آهن باواریا ارتو ۴.۸٪,کود میکرو (ریز مغذی),"۱۵,۶۰۰,۰۰۰ ریال",nan,,,,2025-07-22 16:18:44,2025-07-22 16:18:44
https://agriplus.ir/Product/BKP-37563/%da%a9%d9%88%d8%af-%d9%85%db%8c%da%a9%d8%b1%d9%88-%d9%85%d8%b9%d8%af%d9%86%db%8c-%d9%86%d9%88%d8%b9-a-%d8%a8%d9%87%d8%a7%d8%b1%d8%a7%d9%86/,کود میکرو معدنی نوع A بهاران,کود میکرو (ریز مغذی),"۶,۹۷۰,۰۰۰ ریال",nan,,,,2025-07-22 16:19:17,2025-07-22 16:19:17
https://agriplus.ir/Product/BKP-38104/lifer-fe/,کود آهن لایفر,کود میکرو (ریز مغذی),13639000,13639000.0,1,,True,2025-07-22 16:19:21,2025-07-22 16:19:21
https://agriplus.ir/Product/BKP-38106/golden-fer-fe/,کود آهن گلدن فر,کود میکرو (ریز مغذی),"۱۳,۷۹۰,۰۰۰ ریال",nan,,,,2025-07-22 16:19:53,2025-07-22 16:19:53
https://agriplus.ir/Product/BKP-14191/%da%a9%d9%88%d8%af-%d8%b1%d9%88%db%8c%d8%a7%d9%84-te-%d8%a7%d8%b3%d9%be%d8%a7%d9%86%db%8c%d8%a7/,کود آرتاگرو رویال تی ای (رویال TE) اسپانیا,کود میکرو (ریز مغذی),"۸,۳۶۰,۰۰۰ ریال",nan,,,,2025-07-22 16:20:26,2025-07-22 16:20:26
https://agriplus.ir/Product/BKP-22109/%da%a9%d9%88%d8%af-%d8%aa%d8%b1%d8%a7%d8%b3%d8%aa-%d8%b1%d9%88%db%8c-%db%b1%db%b5-%d8%af%d8%b1%d8%b5%d8%af/,کود تراست روی ۱۵ درصد,کود هیدروپونیک (نمکی),nan,nan,,,False,2025-07-22 16:20:29,2025-07-22 16:25:19
https://agriplus.ir/Product/BKP-23932/%da%a9%d9%88%d8%af-%d8%a2%d9%87%d9%86-%d9%88%d9%86%d8%af%d9%88%d8%b1%d8%a7-%d8%a7%d8%b3%d9%be%d8%a7%d9%86%db%8c%d8%a7-%d8%a7%d8%b1%d8%aa%d9%88-3-5-%d8%a8%d8%b3%d8%aa%d9%87-%db%8c%da%a9-%da%a9%db%8c/,کود آهن وندورا ارتو ۳.۵٪,کود میکرو (ریز مغذی),nan,nan,,,False,2025-07-22 16:20:32,2025-07-22 16:20:32
https://agriplus.ir/Product/BKP-37241/%da%a9%d9%88%d8%af-%d8%b3%d9%88%d9%84%d9%81%d8%a7%d8%aa-%d9%85%d8%b3-%d9%81%d8%b1%d9%85%d9%88%d9%84%d8%a7%db%8c%d9%81/,کود سولفات مس فرمولایف,کود میکرو (ریز مغذی),5926000,5926000.0,1,,True,2025-07-22 16:20:35,2025-07-22 16:20:35
https://agriplus.ir/Product/BKP-24848/%da%a9%d9%88%d8%af-%d8%a7%d8%b3%db%8c%d8%af-%d8%a8%d9%88%d8%b1%db%8c%da%a9/,کود اسید بوریک اتی معدن ترکیه,کود هیدروپونیک (نمکی),nan,nan,,,False,2025-07-22 16:20:38,2025-07-22 16:25:22
https://agriplus.ir/Product/BKP-12738/%da%a9%d9%88%d8%af-%d9%be%d9%88%d8%af%d8%b1%db%8c-%d8%b1%d9%88%db%8c-14-%da%a9%d9%84%d9%88%d8%b3%d8%aa%d8%a7%d8%b1/,کود پودری روی ۱۴ درصد کلوستار,کود میکرو (ریز مغذی),nan,nan,,,False,2025-07-22 16:20:41,2025-07-22 16:20:41
https://agriplus.ir/Product/BKP-14238/%da%a9%d9%88%d8%af-%d9%85%d8%a7%db%8c%d8%b9-%d8%aa%d8%b1%d8%a7%d8%b3%d8%aa-%d8%aa%d8%b1%db%8c%d9%be%d9%84-trust-triple/,کود مایع تراست تریپل,کود هیدروپونیک (نمکی),nan,nan,,,False,2025-07-22 16:20:44,2025-07-22 16:25:49
https://agriplus.ir/Product/BKP-14208/borax/,کود مایع بوراکس,کود میکرو (ریز مغذی),nan,nan,,,False,2025-07-22 16:20:47,2025-07-22 16:20:47
https://agriplus.ir/Product/BKP-30303/%da%a9%d9%88%d8%af-%d8%a2%d9%87%d9%86-%d8%a7%db%8c%d9%86%d9%88%d8%b3%d8%aa-%d9%88%d9%86%d8%af%d9%88%d8%b1%d8%a7/,کود آهن اینوست وندورا,کود میکرو (ریز مغذی),nan,nan,,,False,2025-07-22 16:20:49,2025-07-22 16:20:49
https://agriplus.ir/Product/BKP-30308/%da%a9%d9%88%d8%af-%da%a9%d9%84%d8%a7%d8%aa-%d8%a2%d9%87%d9%86-%d8%a2%db%8c%d8%b1%d9%88%d8%aa%db%8c%d9%86-%db%b6-%d8%af%d8%b1%d8%b5%d8%af-%d9%86%d8%a7%d9%86-%d8%a7%da%af%d8%b1%db%8c/,کود کلات آهن آیروتین ۶ درصد نان اگری,کود میکرو (ریز مغذی),nan,nan,,,False,2025-07-22 16:20:52,2025-07-22 16:20:52
https://agriplus.ir/Product/BKP-30608/%d9%85%d9%88%d9%84%db%8c%d8%a8%d8%af%d8%a7%d8%aa-%d8%b3%d8%af%db%8c%d9%85/,مولیبدات سدیم,کود میکرو (ریز مغذی),nan,nan,,,False,2025-07-22 16:20:56,2025-07-22 16:20:56
https://agriplus.ir/Product/BKP-21569/%da%a9%d9%88%d8%af-%d8%a2%d9%87%d9%86-%d9%81%d8%b1%d9%88%d8%b3-ferrous/,کود آهن فروس زعیم,کود میکرو (ریز مغذی),nan,nan,,,False,2025-07-22 16:20:59,2025-07-22 16:20:59
https://agriplus.ir/Product/BKP-15227/%da%a9%d9%84%d8%a7%d8%aa-%d8%a2%d9%87%d9%86-%d9%81%d8%b1%d9%88%d8%b3-%d9%be%d9%84%d8%a7%d8%b3/,کود آهن فروس پلاس زعیم,کود میکرو (ریز مغذی),nan,nan,,,False,2025-07-22 16:21:02,2025-07-22 16:21:02
https://agriplus.ir/Product/BKP-15228/%da%a9%d9%88%d8%af-%d9%85%d8%a7%db%8c%d8%b9-%d9%81%d8%b1%d9%88%d9%85/,کود آهن مایع فروم زعیم,کود میکرو (ریز مغذی),nan,nan,,,False,2025-07-22 16:21:05,2025-07-22 16:21:05
https://agriplus.ir/Product/BKP-15238/vendura/,کود آهن وندورا ارتو ۴.۸٪,کود میکرو (ریز مغذی),nan,nan,,,False,2025-07-22 16:21:07,2025-07-22 16:21:07
https://agriplus.ir/Product/BKP-12302/root-b/,کود مایع روت بی (ROOT B),کود میکرو (ریز مغذی),nan,nan,,,False,2025-07-22 16:21:10,2025-07-22 16:21:10
https://agriplus.ir/Product/BKP-12301/root-mn/,کود مایع روت منگنز,کود میکرو (ریز مغذی),nan,nan,,,False,2025-07-22 16:21:13,2025-07-22 16:21:13
https://agriplus.ir/Product/BKP-35052/%da%a9%d9%88%d8%af-%d8%a2%d9%87%d9%86-%d8%b3%da%a9%d9%88%d8%b3%d8%aa%d8%b1%d9%86-%d8%b3%db%8c%d9%86%d8%ac%d9%86%d8%aa%d8%a7/,کود آهن سکوسترن سینجنتا,کود میکرو (ریز مغذی),nan,nan,,,False,2025-07-22 16:21:16,2025-07-22 16:21:16
https://agriplus.ir/Product/BKP-35453/%da%a9%d9%88%d8%af-%d9%85%db%8c%da%a9%d8%b1%d9%88-%d9%be%d9%84%d8%a7%d8%b3-%d8%a7%d9%88%d9%84%d8%aa%d8%b1%d8%a7-%d8%a7%db%8c%d9%86%d8%aa%d8%b1%d9%85%da%af/,کود میکرو پلاس اولترا اینترمگ,کود میکرو (ریز مغذی),nan,nan,,,False,2025-07-22 16:21:19,2025-07-22 16:21:19
https://agriplus.ir/Product/BKP-38076/trast-boron/,کود تراست بور,کود میکرو (ریز مغذی),nan,nan,,,False,2025-07-22 16:21:22,2025-07-22 16:21:22
https://agriplus.ir/Product/BKP-38990/boric-acid-fermolife/,کود اسید بوریک فرمولایف,کود میکرو (ریز مغذی),2830000,2830000.0,1,,True,2025-07-22 16:21:25,2025-07-22 16:21:25
https://agriplus.ir/Product/BKP-39000/defender-mn/,کود دفندر منگنز فیوچراکو اسپانیا,کود میکرو (ریز مغذی),nan,nan,,,False,2025-07-22 16:21:27,2025-07-22 16:21:27
https://agriplus.ir/Product/BKP-39002/defender-cu/,کود دفندر مس فیوچراکو اسپانیا,کود میکرو (ریز مغذی),nan,nan,,,False,2025-07-22 16:21:30,2025-07-22 16:21:30
https://agriplus.ir/Product/BKP-30340/%da%a9%d9%88%d8%af-%d8%b1%db%8c%d8%b2-%d9%85%d8%ba%d8%b0%db%8c-%d9%85%db%8c%da%a9%d8%b1%d9%88%d9%85%db%8c%da%a9%d8%b3/,کود ریز مغذی میکرومیکس,کود میکرو (ریز مغذی),nan,nan,,,False,2025-07-22 16:21:33,2025-07-22 16:21:33
https://agriplus.ir/Product/BKP-30606/%da%a9%d9%88%d8%af-%d9%86%db%8c%d8%aa%d8%b1%d8%a7%d8%aa-%da%a9%d9%84%d8%b3%db%8c%d9%85-%d9%be%db%8c-%d8%a7%d9%86-%d9%be%db%8c-%d8%a2%d9%84%d9%85%d8%a7%d9%86/,کود نیترات کلسیم پی ان پی آلمان,کود هیدروپونیک (نمکی),nan,nan,,,False,2025-07-22 16:22:32,2025-07-22 16:22:32
https://agriplus.ir/Product/BKP-27445/%da%a9%d9%88%d8%af-%d8%b3%d9%88%d9%84%d9%81%d8%a7%d8%aa-%d9%85%d9%86%db%8c%d8%b2%db%8c%d9%85-%d9%86%d8%a7%d9%86-%d8%a7%da%af%d8%b1%db%8c/,کود سولفات منیزیم نان اگری,کود هیدروپونیک (نمکی),nan,nan,,,False,2025-07-22 16:22:36,2025-07-22 16:22:36
https://agriplus.ir/Product/BKP-22503/%da%a9%d9%88%d8%af-%d8%b3%d9%88%d9%84%d9%81%d8%a7%d8%aa-%d9%85%d9%86%db%8c%d8%b2%db%8c%d9%85-%da%a9%d9%88%d8%a7%d9%84%db%8c-%d9%85%da%a9%d8%b3/,کود سولفات منیزیم کوالی مکس,کود هیدروپونیک (نمکی),nan,nan,,,False,2025-07-22 16:22:39,2025-07-22 16:22:39
https://agriplus.ir/Product/BKP-30620/%da%a9%d9%88%d8%af-%d9%86%db%8c%d8%aa%d8%b1%d8%a7%d8%aa-%d9%be%d8%aa%d8%a7%d8%b3%db%8c%d9%85-%db%b4%db%b4-%db%b0%db%b2-%db%b1%db%b2-npk-%d9%86%d8%a7%d9%86-%d8%a7%da%af%d8%b1%db%8c/,کود نیترات پتاسیم (۴۴ ۰۲ ۱۲ NPK) نان اگری,کود هیدروپونیک (نمکی),nan,nan,,,False,2025-07-22 16:22:42,2025-07-22 16:22:42
https://agriplus.ir/Product/BKP-32063/%da%a9%d9%88%d8%af-%d9%86%db%8c%d8%aa%d8%b1%d8%a7%d8%aa-%d9%85%d9%86%db%8c%d8%b2%db%8c%d9%85-%d8%b1%d9%88%d9%81%d8%b1%d8%aa/,کود نیترات منیزیم روفرت,کود هیدروپونیک (نمکی),nan,nan,,,False,2025-07-22 16:22:45,2025-07-22 16:22:45
https://agriplus.ir/Product/BKP-30607/%da%a9%d9%88%d8%af-%d8%b3%d9%88%d9%84%d9%81%d8%a7%d8%aa-%d8%b1%d9%88%db%8c-%d9%86%d8%a7%d9%86-%d8%a7%da%af%d8%b1%db%8c/,کود سولفات روی نان اگری,کود هیدروپونیک (نمکی),13750000,13750000.0,1,,True,2025-07-22 16:22:48,2025-07-22 16:22:48
https://agriplus.ir/Product/BKP-30609/%da%a9%d9%88%d8%af-%d8%b3%d9%88%d9%84%d9%81%d8%a7%d8%aa-%d9%85%d9%86%da%af%d9%86%d8%b2-%d9%86%d8%a7%d9%86-%d8%a7%da%af%d8%b1%db%8c/,کود سولفات منگنز نان اگری,کود هیدروپونیک (نمکی),1837000,1837000.0,1,,True,2025-07-22 16:22:51,2025-07-22 16:22:51
https://agriplus.ir/Product/BKP-14187/invest-humic/,کود هیومیک اسید پودری اینوست,کود هیومیک اسید,"۱۰,۵۰۰,۰۰۰ ریال",nan,,,,2025-07-22 16:23:27,2025-07-22 16:28:22
https://agriplus.ir/Product/BKP-34763/%da%a9%d9%88%d8%af-%d9%86%db%8c%d8%aa%d8%b1%d8%a7%d8%aa-%da%a9%d9%84%d8%b3%db%8c%d9%85-%d9%85%d9%86%db%8c%d8%b2%db%8c%d9%85-%da%a9%d9%84%d8%b3%db%8c%d9%85%da%af-%d9%81%d8%b1%d9%85%d9%88%d9%84%d8%a7/,کود نیترات کلسیم منیزیم (کلسیمگ) فرمولایف,کود هیدروپونیک (نمکی),"۱۴,۴۰۰,۰۰۰ ریال",nan,,,,2025-07-22 16:24:00,2025-07-22 16:24:00
https://agriplus.ir/Product/BKP-35046/%da%a9%d9%88%d8%af-%d9%85%d9%88%d9%86%d9%88-%d8%a2%d9%85%d9%88%d9%86%db%8c%d9%88%d9%85-%d9%81%d8%b3%d9%81%d8%a7%d8%aa-%d9%81%d8%b1%d9%85%d9%88%d9%84%d8%a7%db%8c%d9%81/,کود مونو آمونیوم فسفات فرمولایف,کود هیدروپونیک (نمکی),nan,nan,,,False,2025-07-22 16:24:03,2025-07-22 16:24:03
https://agriplus.ir/Product/BKP-35233/%da%a9%d9%88%d8%af-%d9%86%db%8c%d8%aa%d8%b1%d8%a7%d8%aa-%da%a9%d9%84%d8%b3%db%8c%d9%85-%d9%85%d9%86%db%8c%d8%b2%db%8c%d9%85-%d9%be%db%8c-%d8%a7%d9%86-%d9%be%db%8c/,کود نیترات کلسیم منیزیم پی ان پی,کود هیدروپونیک (نمکی),nan,nan,,,False,2025-07-22 16:24:06,2025-07-22 16:24:06
https://agriplus.ir/Product/BKP-37197/%da%a9%d9%88%d8%af-%d8%b3%d9%88%d9%84%d9%81%d8%a7%d8%aa-%d9%85%d9%86%db%8c%d8%b2%db%8c%d9%85-%d9%81%d8%b1%d9%85%d9%88%d9%84%d8%a7%db%8c%d9%81/,کود سولفات منیزیم فرمولایف,کود هیدروپونیک (نمکی),"۱۱,۹۴۳,۰۰۰ ریال",nan,,,,2025-07-22 16:24:42,2025-07-22 16:24:42
https://agriplus.ir/Product/BKP-38692/map-bavaria/,کود مونو آمونیوم فسفات باواریا,کود هیدروپونیک (نمکی),"۸۴,۸۰۰,۰۰۰ ریال",nan,,,,2025-07-22 16:25:15,2025-07-22 16:25:15
https://agriplus.ir/Product/BKP-30602/%da%a9%d9%88%d8%af-%d8%b3%d9%88%d9%84%d9%81%d8%a7%d8%aa-%d9%be%d8%aa%d8%a7%d8%b3%db%8c%d9%85-%da%a9%d9%85%db%8c%d8%b1%d8%a7/,کود سولفات پتاسیم کمیرا,کود هیدروپونیک (نمکی),nan,nan,,,False,2025-07-22 16:25:22,2025-07-22 16:25:22
https://agriplus.ir/Product/BKP-23931/%da%a9%d9%88%d8%af-%d9%85%d8%a7%db%8c%d8%b9-%d9%81%d8%b1%d9%88%d8%aa-%d9%81%d9%88%d9%84/,کود مایع فروت فول,کود کامل,nan,nan,,,False,2025-07-22 16:25:25,2025-07-22 16:33:31
https://agriplus.ir/Product/BKP-30597/%da%a9%d9%88%d8%af-%d8%b3%d9%88%d9%84%d9%81%d8%a7%d8%aa-%d9%be%d8%aa%d8%a7%d8%b3%db%8c%d9%85-%d9%86%d8%a7%d9%86-%d8%a7%da%af%d8%b1%db%8c/,کود سولفات پتاسیم نان اگری,کود هیدروپونیک (نمکی),nan,nan,,,False,2025-07-22 16:25:28,2025-07-22 16:25:28
https://agriplus.ir/Product/BKP-12303/%da%a9%d9%88%d8%af-%d9%85%d8%a7%db%8c%d8%b9-%d8%b1%d9%88%d8%aa-%d9%be%db%8c-%d8%ac%db%8c-%d8%a2%d8%b1/,کود مایع روت پی جی آر,کود هیدروپونیک (نمکی),nan,nan,,,False,2025-07-22 16:25:31,2025-07-22 16:25:31
https://agriplus.ir/Product/BKP-25213/%da%a9%d9%88%d8%af-%d9%86%db%8c%d8%aa%d8%b1%d8%a7%d8%aa-%d9%85%d9%86%db%8c%d8%b2%db%8c%d9%85-%da%a9%db%8c%d8%b3%d9%87-25-%da%a9%db%8c%d9%84%d9%88%da%af%d8%b1%d9%85%db%8c-%da%a9%d9%88%d8%a7%d9%84%db%8c/,کود نیترات منیزیم کوالی مکس,کود هیدروپونیک (نمکی),2125000,2125000.0,1,,True,2025-07-22 16:25:34,2025-07-22 16:25:34
https://agriplus.ir/Product/BKP-12299/%da%a9%d9%88%d8%af-%d9%85%d8%a7%db%8c%d8%b9-%d8%b1%d9%88%d8%aa-%d9%be%db%8c-%d8%ac%db%8c-%d8%a7%d8%b3/,کود روت پی جی اس,کود هیدروپونیک (نمکی),nan,nan,,,False,2025-07-22 16:25:37,2025-07-22 16:25:37
https://agriplus.ir/Product/BKP-30603/%da%a9%d9%88%d8%af-%d9%85%d9%88%d9%86%d9%88-%d9%be%d8%aa%d8%a7%d8%b3%db%8c%d9%85-%d9%81%d8%b3%d9%81%d8%a7%d8%aa-%d9%88%d8%a8%d8%a7/,کود مونو پتاسیم فسفات وبا,کود هیدروپونیک (نمکی),nan,nan,,,False,2025-07-22 16:25:40,2025-07-22 16:25:40
https://agriplus.ir/Product/BKP-14168/%da%a9%d9%88%d8%af-%d9%be%d9%88%d8%af%d8%b1%db%8c-%d8%ac%d9%88%d8%b4%d8%a7%d9%86-%d9%81%db%8c%d8%b2%d9%88%d9%81%d8%b1%d8%aa%db%8c-%d8%b3%d9%88%d9%84%d9%81%d8%a7%d8%aa-%d9%be%d8%aa%d8%a7%d8%b3%db%8c/,کود سولفات پتاسیم (NPK ۰ ۰ ۵۲) فیزوفرتی,کود هیدروپونیک (نمکی),nan,nan,,,False,2025-07-22 16:25:46,2025-07-22 16:25:46
https://agriplus.ir/Product/BKP-15320/%da%a9%d9%88%d8%af-%d9%85%d9%88%d9%86%d9%88-%d8%a2%d9%85%d9%88%d9%86%db%8c%d9%88%d9%85-%d9%81%d8%b3%d9%81%d8%a7%d8%aa-2/,کود مونو آمونیوم فسفات پلنت فید,کود هیدروپونیک (نمکی),nan,nan,,,False,2025-07-22 16:25:53,2025-07-22 16:25:53
https://agriplus.ir/Product/BKP-15812/calcium-nitrate-2/,کود نیترات کلسیم کوالی مکس,کود هیدروپونیک (نمکی),nan,nan,,,False,2025-07-22 16:25:57,2025-07-22 16:25:57
https://agriplus.ir/Product/BKP-34764/%da%a9%d9%88%d8%af-%d9%86%db%8c%d8%aa%d8%b1%d8%a7%d8%aa-%da%a9%d9%84%d8%b3%db%8c%d9%85-%d9%81%d8%b1%d9%85%d9%88%d9%84%d8%a7%db%8c%d9%81/,کود نیترات کلسیم فرمولایف,کود هیدروپونیک (نمکی),nan,nan,,,False,2025-07-22 16:26:00,2025-07-22 16:26:00
https://agriplus.ir/Product/BKP-35226/%da%a9%d9%88%d8%af-%d9%85%d9%88%d9%86%d9%88-%d8%a2%d9%85%d9%88%d9%86%db%8c%d9%88%d9%85-%d9%81%d8%b3%d9%81%d8%a7%d8%aa-%d8%b2%db%8c%da%af%d9%84%d8%b1/,کود مونو آمونیوم فسفات زیگلر,کود هیدروپونیک (نمکی),nan,nan,,,False,2025-07-22 16:26:03,2025-07-22 16:26:03
https://agriplus.ir/Product/BKP-35933/%da%a9%d9%88%d8%af-%d8%b3%d9%88%d9%84%d9%81%d8%a7%d8%aa-%d9%85%d9%86%da%af%d9%86%d8%b2-%da%a9%d9%86%d8%ac%d8%a7%d9%84%d9%87-%d8%b3%d8%a7%d8%b2/,کود سولفات منگنز ۳۲ درصد کنجاله ساز,کود هیدروپونیک (نمکی),nan,nan,,,False,2025-07-22 16:26:06,2025-07-22 16:26:06
https://agriplus.ir/Product/BKP-35958/%da%a9%d9%88%d8%af-%d8%b3%d9%88%d9%84%d9%81%d8%a7%d8%aa-%d8%b1%d9%88%db%8c-%db%b3%db%b4-%d8%af%d8%b1%d8%b5%d8%af-%da%a9%d9%86%d8%ac%d8%a7%d9%84%d9%87-%d8%b3%d8%a7%d8%b2/,کود سولفات روی ۳۴ درصد کنجاله ساز,کود هیدروپونیک (نمکی),nan,nan,,,False,2025-07-22 16:26:09,2025-07-22 16:26:09
https://agriplus.ir/Product/BKP-36881/pnp-magnesium-sulfate-fertilizer/,کود سولفات منیزیم پی ان پی,کود هیدروپونیک (نمکی),nan,nan,,,False,2025-07-22 16:26:12,2025-07-22 16:26:12
https://agriplus.ir/Product/BKP-37110/%da%a9%d9%88%d8%af-%d9%86%db%8c%d8%aa%d8%b1%d8%a7%d8%aa-%d9%be%d8%aa%d8%a7%d8%b3%db%8c%d9%85-%d9%be%db%8c-%d8%a7%d9%86-%d9%be%db%8c/,کود نیترات پتاسیم پی ان پی,کود هیدروپونیک (نمکی),3700000,3700000.0,1,,True,2025-07-22 16:26:16,2025-07-22 16:26:16
https://agriplus.ir/Product/BKP-37194/%da%a9%d9%88%d8%af-%d9%86%db%8c%d8%aa%d8%b1%d8%a7%d8%aa-%d9%be%d8%aa%d8%a7%d8%b3%db%8c%d9%85-%d9%81%d8%b1%d9%85%d9%88%d9%84%d8%a7%db%8c%d9%81/,کود نیترات پتاسیم فرمولایف,کود هیدروپونیک (نمکی),nan,nan,,,False,2025-07-22 16:26:19,2025-07-22 16:26:19
https://agriplus.ir/Product/BKP-37521/%da%a9%d9%88%d8%af-%d9%86%db%8c%d8%aa%d8%b1%d8%a7%d8%aa-%d9%85%d9%86%db%8c%d8%b2%db%8c%d9%85-%d9%81%d8%b1%d9%85%d9%88%d9%84%d8%a7%db%8c%d9%81/,کود نیترات منیزیم فرمولایف,کود هیدروپونیک (نمکی),nan,nan,,,False,2025-07-22 16:26:22,2025-07-22 16:26:22
https://agriplus.ir/Product/BKP-38695/sop-bavaria/,کود سولفات پتاسیم (سولوپتاس) باواریا,کود هیدروپونیک (نمکی),nan,nan,,,False,2025-07-22 16:26:25,2025-07-22 16:26:25
https://agriplus.ir/Product/BKP-38698/nitrate-calcium-bavaria/,کود نیترات کلسیم باواریا,کود هیدروپونیک (نمکی),2730000,2730000.0,1,,True,2025-07-22 16:26:28,2025-07-22 16:26:28
https://agriplus.ir/Product/BKP-38976/magnesium-sulfate-eurosolids/,کود سولفات منیزیم یوروسالیدز,کود هیدروپونیک (نمکی),nan,nan,,,False,2025-07-22 16:26:31,2025-07-22 16:26:31
https://agriplus.ir/Product/BKP-27433/%da%a9%d9%88%d8%af-%d9%85%d8%a7%db%8c%d8%b9-%d9%87%db%8c%d9%88%d9%85%db%8c%da%a9-%d8%a7%d8%b3%db%8c%d8%af-%d8%a7%d8%b3%d9%be%d8%a7%d8%b1%d8%aa%d8%a7%d9%86/,کود مایع هیومیک اسید اسپارتان,کود هیومیک اسید,"۲۰,۴۰۰,۰۰۰ ریال",nan,,,,2025-07-22 16:27:15,2025-07-22 16:27:15
https://agriplus.ir/Product/BKP-22756/%d8%a7%d8%b3%db%8c%d8%af-%d9%87%db%8c%d9%88%d9%85%db%8c%da%a9-%d8%a7%d8%b3%d8%aa%d8%b1%d8%a7%d9%86%da%af-%d9%82%d9%88%d8%b7%db%8c-%d9%be%d9%86%da%86-%d9%84%db%8c%d8%aa%d8%b1%db%8c/,کود مایع اسید هیومیک استرانگ,کود هیومیک اسید,nan,nan,,,False,2025-07-22 16:29:01,2025-07-22 16:29:01
https://agriplus.ir/Product/BKP-30477/%da%a9%d9%88%d8%af-%d9%85%d8%a7%db%8c%d8%b9-%d8%a7%d8%b3%db%8c%d8%af-%d9%87%db%8c%d9%88%d9%85%db%8c%da%a9-%d9%86%d8%a7%d9%86-%d8%a7%da%af%d8%b1%db%8c/,کود مایع اسید هیومیک نان اگری,کود هیومیک اسید,nan,nan,,,False,2025-07-22 16:29:09,2025-07-22 16:29:09
https://agriplus.ir/Product/BKP-25400/%da%a9%d9%88%d8%af-%d9%85%da%a9%d8%b3%db%8c-%d9%81%d8%b1%d9%88%d8%aa/,کود مایع مکسی فروت,کود کامل,"۱۲,۰۰۰,۰۰۰ ریال",nan,,,,2025-07-22 16:29:58,2025-07-22 16:29:58
https://agriplus.ir/Product/BKP-25352/bombardier/,کود مایع بمباردیر شوگر کیمیتک,کود کامل,13068000,13068000.0,1,,True,2025-07-22 16:30:01,2025-07-22 16:30:01
https://agriplus.ir/Product/BKP-14239/trust-complex/,کود مایع تراست کمپلکس,کود کامل,"۷,۰۰۰,۰۰۰ ریال",nan,,,,2025-07-22 16:30:36,2025-07-22 16:30:36
https://agriplus.ir/Product/BKP-25264/beetal/,کود مایع بیتال,کود کامل,"۶,۳۰۰,۰۰۰ ریال",nan,,,,2025-07-22 16:31:09,2025-07-22 16:31:09
https://agriplus.ir/Product/BKP-25214/%da%a9%d9%88%d8%af-%d9%85%d8%a7%db%8c%d8%b9-%d8%b3%d8%aa-%da%af%d9%84%d8%af-4/,کود مایع ست گلد ۴,کود کامل,"۷,۰۰۰,۰۰۰ ریال",nan,,,,2025-07-22 16:31:42,2025-07-22 16:31:42
https://agriplus.ir/Product/BKP-14234/colobrix/,کود آرتاگرو کلبریکس,کود کامل,"۶,۶۵۵,۰۰۰ ریال",nan,,,,2025-07-22 16:32:15,2025-07-22 16:32:15
https://agriplus.ir/Product/BKP-27427/%da%a9%d9%88%d8%af-%d9%85%d8%a7%db%8c%d8%b9-%d9%85%d8%ad%d8%b1%da%a9-%d8%b1%d8%b4%d8%af-%d8%a8%d9%85%d8%a8%d8%a7%d8%b1%d8%af%db%8c%d8%b1/,کود مایع محرک رشد بمباردیر,کود کامل,10920000,10920000.0,1,,True,2025-07-22 16:32:19,2025-07-22 16:32:19
https://agriplus.ir/Product/BKP-30487/%da%a9%d9%88%d8%af-%da%a9%d8%a7%d9%84%d8%b1-%d9%81%db%8c%d9%86%db%8c%d8%b4-%d9%81%db%8c%d8%aa%d9%88%d9%86%d8%a7%d8%aa%d9%88%d8%b1%d8%a7/,کود کالر فینیش فیتوناتورا,کود کامل,"۹,۷۳۲,۰۰۰ ریال",nan,,,,2025-07-22 16:32:52,2025-07-22 16:32:52
https://agriplus.ir/Product/BKP-30542/%da%a9%d9%88%d8%af-%d9%be%db%8c%d8%a7%d9%86%d8%aa%d8%a7-%d9%81%d8%b1%d9%88%d8%aa-%d9%81%db%8c%d8%aa%d9%88%d9%86%d8%a7%d8%aa%d9%88%d8%b1%d8%a7/,کود پیانتا فروت فیتوناتورا,کود کامل,"۱۳,۳۹۸,۰۰۰ ریال",nan,,,,2025-07-22 16:33:25,2025-07-22 16:33:25
https://agriplus.ir/Product/BKP-15237/nobel/,کود مایع نوبل زعیم,کود کامل,nan,nan,,,False,2025-07-22 16:33:28,2025-07-22 16:33:28
https://agriplus.ir/Product/BKP-21535/%da%a9%d9%88%d8%af-%d9%85%d8%a7%db%8c%d8%b9-%d8%a8%d9%84%d9%88%d9%85-%d8%b3%d8%aa-bloom-set/,کود مایع بلوم ست زعیم,کود کامل,nan,nan,,,False,2025-07-22 16:33:34,2025-07-22 16:33:34
https://agriplus.ir/Product/BKP-15229/%da%a9%d9%88%d8%af-%d9%85%d8%a7%db%8c%d8%b9-%d9%81%d9%88%d9%84-%d8%a2%d9%be-full-up/,کود مایع فول آپ زعیم,کود کامل,nan,nan,,,False,2025-07-22 16:33:36,2025-07-22 16:33:36
https://agriplus.ir/Product/BKP-12420/%da%a9%d9%88%d8%af-%d9%85%d8%a7%db%8c%d8%b9-%d9%87%db%8c%da%af%d8%b1%d9%88-%d9%81%d8%b3%d8%aa%d8%b1-higro-foster/,کود مایع هیگرو فستر (Higro Foster),کود کامل,nan,nan,,,False,2025-07-22 16:33:39,2025-07-22 16:33:39
https://agriplus.ir/Product/BKP-30485/%da%a9%d9%88%d8%af-%d9%85%d8%a7%db%8c%d8%b9-%d8%b4%d9%88%da%af%d8%b1-%da%a9%d8%a7%d9%84%d8%b1-sugar-color/,کود مایع شوگر کالر (Sugar Color),کود کامل,nan,nan,,,False,2025-07-22 16:33:42,2025-07-22 16:33:42
https://agriplus.ir/Product/BKP-30573/%da%a9%d9%88%d8%af-%d8%a2%d9%85%db%8c%d9%86%d9%88-%d8%b1%d9%88%d8%aa/,کود آمینو روت,کود کامل,nan,nan,,,False,2025-07-22 16:33:45,2025-07-22 16:33:45
https://agriplus.ir/Product/BKP-34759/%da%a9%d9%88%d8%af-%da%a9%d8%a7%d8%aa%db%8c%d9%88%d8%b4%d8%a7-%d8%ac%d9%86%d9%88%d8%a8%da%af%d8%a7%d9%86/,کود کاتیوشا جنوبگان,کود کامل,nan,nan,,,False,2025-07-22 16:33:48,2025-07-22 16:33:48
https://agriplus.ir/Product/BKP-37836/rooty-sg15/,هورمون ریشه زایی هلندی SG15 اگری پلاس,هورمون رشد گیاهی,nan,nan,,,False,2025-07-22 16:33:59,2025-07-22 16:33:59
https://agriplus.ir/Product/BKP-36040/shooty-hormone/,هورمون شاخه‌ زایی شوتی (®Shooty) اگری پلاس,هورمون رشد گیاهی,5170000,51700.0,100,,True,2025-07-22 16:34:02,2025-07-22 16:34:02
https://agriplus.ir/Product/BKP-36035/rooty-hormone/,هورمون ریشه‌ زایی هلندی L30 اگری پلاس,هورمون رشد گیاهی,nan,nan,,,False,2025-07-22 16:34:05,2025-07-22 16:34:05
https://agriplus.ir/Product/BKP-36074/cotooly-hormone/,هورمون پاکوتاهی - گلدهی کتولی (®Cotooly) اگری پلاس,هورمون رشد گیاهی,3100000,31000.0,100,,True,2025-07-22 16:34:09,2025-07-22 16:34:09
https://agriplus.ir/Product/BKP-37832/rooty-syrup/,هورمون ریشه زایی غلیظ (Rooty Syrup) اگری پلاس,هورمون رشد گیاهی,nan,nan,,,False,2025-07-22 16:34:12,2025-07-22 16:34:12
https://agriplus.ir/Product/BKP-36042/flory-hormone/,هورمون گلدهی فلوری (®Flory) اگری پلاس,هورمون رشد گیاهی,12400000,49600.0,250,,True,2025-07-22 16:34:15,2025-07-22 16:34:15
https://agriplus.ir/Product/BKP-22850/%d9%82%d8%b1%d8%b5-%d8%ac%db%8c%d8%a8%d8%b1%d9%84%db%8c%da%a9-%d8%a7%d8%b3%db%8c%d8%af-%d8%a7%da%af%d8%b1%db%8c%d9%85%d9%86/,قرص جیبرلیک اسید اگریمن,هورمون رشد گیاهی,nan,nan,,,False,2025-07-22 16:34:18,2025-07-22 16:34:18
https://agriplus.ir/Product/BKP-14233/%d9%be%d9%88%d8%af%d8%b1-%d8%ac%db%8c%d8%a8%d8%b1%d9%84%db%8c%d9%86-berelex-40sg2-5-%da%af%d8%b1%d9%85%db%8c/,پودر جیبرلین BERELEX ۴۰ SG,هورمون رشد گیاهی,nan,nan,,,False,2025-07-22 16:34:21,2025-07-22 16:34:21
